name,tag,language,created,subscribers,reason,created_utc,description
Abruzzo,regione,ita,,564.0,,2013-04-08 23:06:11,
AndroidItalia,hobby,ita,,1086.0,,2016-10-24 08:55:40,Comunit√† aperta italiana dedicata al mondo Android
Aosta,provincia,ita,,6.0,,2021-11-29 08:25:18,aosta
ArteITA,hobby,ita,,1065.0,,2017-05-28 06:55:54,Una community per gli amanti dell'arte per condivi
askitaly,generale,ita,,62450.0,,2014-04-14 13:11:36,"Hi!  Are you planning a trip to Italy, or are you "
avvocati,generale,,,11441.0,,2019-10-04 12:23:02,Sub dedicato a quei pochi che praticano la legge e
Barbecue_Italia,hobby,,,531.0,,2022-01-21 20:31:00,
Bari,provincia,ita,,1786.0,,2013-05-14 07:31:19,**Benvenuto nella comunita Barese di reddit!**  *B
Basilicata,regione,ita,,104.0,,2013-06-23 07:44:21,Basilicata
Best_memerITA,hobby,ita,,2039.0,,2020-08-26 13:17:35,community dei best memer italiani
BitcoinItalia,funclub,,,262.0,,2013-11-24 13:35:32,
Bologna,provincia,ita,,61140.0,,2012-02-26 19:42:20,"La Dotta, La Grassa, La rossa: Bologna. The city i"
Calabria,regione,ita,,1009.0,,2009-10-16 01:39:59,"Un subreddit per chi vive in Calabria,      per ch"
Calcio,hobby,,,57758.0,,2010-11-19 12:15:47,## [Serie A](https://reddit.com/r/calcio/wiki/seri
Cantautorato,hobby,ita,,198.0,,2019-08-23 14:36:23,
CarmeloBene,hobby,ita,,100.0,,2020-10-05 16:49:43,"""Io ignoro. Io sono la mia s'ignora. Sono s'ignora"
CasualIT,generale,,,8418.0,,2021-04-22 07:42:45,r/CasualIT: una comunit√† italiana polleggiata    R
Catania,provincia,ita,,1070.0,,2015-07-25 18:12:27,
cazzeggio,generale,ita,,2585.0,,2015-01-08 11:47:11,Se non avete voglia di lavorare o non sapete come 
Cina,hobby,ita,,505.0,,2012-10-05 19:53:34,Benvenuti in questo sub dedicato alla Cina e alla 
CineItalia,hobby,,,85.0,,2017-04-11 08:09:14,"""A differenza di tutte le altre forme d‚Äôarte, il c"
CityOfCommentsITA,generale,ita,,708.0,,2020-08-07 17:42:27,su reddit creato per segnalare i commenti di reddi
CityOfMusicITA,generale,ita,,81.0,,2021-05-23 14:20:01,Ecco qua il subreddit ufficiale di condivisione di
commercialisti,generale,ita,,33110.0,,2017-05-11 08:36:18,Subreddit che vorrebbe essere serio ma non ce la f
craftitaly,hobby,ita,,,private,,
DarioMocciaTwitch,funclub,ita,,47046.0,,2020-03-09 14:01:28,Il posto dove i meme di Dario Moccia vanno a morir
DomandeDaReddit,generale,ita,,574.0,,2021-03-09 16:22:20,Un subreddit italiano spirato a /r/AskReddit dove 
EconomiaItaliana,generale,,,941.0,,2016-09-18 14:40:36,
emilia,regione,ita,,170.0,banned,2015-04-05 22:14:16,
Erba,hobby,ita,,2130.0,,2011-03-07 07:50:14,Ecco la comunit√† italiana r/erba!  Il primo subred
figuredimerd,generale,ita,,136.0,,2021-04-10 16:36:43,si postano tutte le figure di merda di reddit ital
FilosofiaItalia,hobby,,,342.0,,2022-10-18 08:39:47,
Firenze,provincia,ita,,8652.0,,2012-01-30 21:17:12,######[Home](http://www.reddit.com#top) [hott'e](h
Foggia,provincia,,,40.0,,2020-07-18 02:18:52,Un subreddit per la citt√† di Foggia. Per richieder
Friuli,regione,ita,,582.0,,2012-08-14 08:59:30,Finch√© c'√® frico c'√® speranza.
fumetti,hobby,,,1828.0,,2014-07-28 09:40:13,In questo subreddit potete parlare di tutto ci√≤ ch
gdr,hobby,ita,,822.0,,2013-02-17 05:45:52,"#Welcome! Benvenuti!  ###About ""Giochi di ruolo"" m"
Genova,provincia,ita,,2478.0,,2011-10-25 23:50:57,&gt; *Umbre de muri muri de main√©* &gt; &gt; *dund
hiphopitaly,hobby,ita,,790.0,,2013-06-04 15:45:05,[] (/sidebar)  img by [Lo Swagghetto](https://www.
hmmITA,generale,ita,,155.0,,2020-11-01 17:52:39,il subreddit italiano di cose che fanno dire hmm
innovazione,generale,ita,,622.0,,2019-03-27 21:06:21,"Parliamo di innovazione, tecnologia e di che impat"
ITAGLIA,generale,ita,,83487.0,,2014-01-13 05:40:29,[Questo sub fa parte di /r/ItalyNetwork](/r/italyn
Italia,generale,ita,,225641.0,,2009-11-03 13:00:12,L'Italia su reddit  Leggi [il wiki](https://www.re
Italia_News,generale,,,1119.0,,2024-02-09 15:43:07,
ItaliaCareerAdvice,generale,,,33826.0,,2021-05-06 13:58:23,"Branch italiano del sub CareerAdvice inglese, comu"
ItaliaMeme,hobby,,,13675.0,,2020-03-30 09:35:45,"Community per memes, immagini divertenti, battute "
Italian,generale,ita,,26618.0,,2010-05-04 17:36:59,"No particular rule, follow the Reddit guidelines a"
ItalianFood,hobby,,,81009.0,,2012-07-05 16:23:23,r/ItalianFood Rules  *1.Italian Food only!*  This 
italianlearning,hobby,eng,,97221.0,,2012-04-06 17:12:49,#[](#h1-grey) &gt; ##[BENVENUTI in /r/italianlearn
italianmusic,hobby,ita,,2874.0,,2013-01-10 03:45:51,"**All you Italian music lovers out there, submit a"
italiantheory,hobby,ita,,455.0,,2014-02-06 00:07:49,Why Italian theory? What is Italian thought and wh
ItaliaPersonalFinance,generale,ita,,120524.0,,2017-01-27 08:12:30,Tutti i consigli che vengono dati in questo subred
ItaliaPolitica,generale,,,306.0,,2020-08-22 14:14:22,La prima community per discutere della Politica It
ItaliaRossa,generale,ita,,2065.0,,2021-03-03 10:14:07,Benvenuti su r/ItaliaRossa: una community che ha c
italy,generale,ita,,874843.0,,2008-07-25 08:13:59,"&gt;[All](https://reddit.com/r/italy ""Every thread"
ItalyCalcio,hobby,ita,,797.0,,2017-03-30 08:56:38,[Questo sub fa parte di /r/ItalyNetwork](/r/italyn
ItalyInformatica,generale,ita,,125590.0,,2016-08-22 09:29:17,**Benvenuti su [ItalyInformatica](/r/ItalyInformat
italyLGBT,generale,ita,,2539.0,,2013-08-23 19:21:56,Questo subreddit √® per tutti gli italiani (in Ital
ItalyMotori,hobby,ita,,51302.0,,2016-02-23 11:21:13,# _  * Filtra per categoria ‚ñæ     * [AskIM](/r/Ita
ItalyPhotos,hobby,ita,,14415.0,,2014-10-27 13:05:47,"**Benvenuti in /r/ItalyPhotos, a subreddit dedicat"
italysteam,generale,ita,,121.0,,2014-04-25 20:59:00,scemo chi legge la sidebar  http://steamcommunity.
ItalyTourism,hobby,,,3579.0,,2012-09-29 11:29:58,##ItalyTourism[](/ItalyTourism)  Discover and ask 
lazanzara,funclub,,,1634.0,,2021-10-22 10:08:11,
Lazio,regione,ita,,2871.0,,2012-03-05 02:02:56,A subreddit dedicated to the   S.S. Lazio ===  Off
Libri,hobby,ita,,38969.0,,2013-05-29 13:58:52,----- * **Hai letto un libro e ti √® piaciuto?** * 
Liguria,regione,ita,,192.0,,2013-06-23 07:56:33,
litigi,generale,ita,,2833.0,,2017-08-14 21:41:56,Questo subreddit vuole proporsi come luogo di libe
Lombardia,regione,ita,,393.0,,2016-08-31 20:53:02,Se vuoi partecipare alla gestione del subreddit ma
MangaItalia,hobby,,,474.0,,2020-09-20 14:34:17,Un subreddit per tutti gli appassionati di manga i
Marche,regione,ita,,116.0,,2021-09-03 07:22:33,
MarzulloFanClub,funclub,ita,,15.0,,2020-10-08 19:28:36,"E' notte alta e sono sveglio, sei sempre tu il mio"
MemeItaliani,hobby,ita,,99143.0,,2020-01-02 23:11:15,Per gli italiani su Reddit a cui piacciono i meme
memesITA,hobby,ita,,438199.0,,2019-09-21 15:55:14,"Pizza, Pasta &amp; Memes"
memesItaMC,hobby,ita,,80.0,,2020-10-18 09:02:33,"Postate qui meme su Minecraft, il miglior gioco di"
MemeTemplatesIta,hobby,ita,,5429.0,,2020-07-04 13:48:30,...
Milano,provincia,ita,,72433.0,,2009-06-22 12:07:43,The purpose of the sub is to post interesting link
MinecraftITA,hobby,ita,,522.0,,2020-03-18 10:52:36,VIVA MINECRAFT
Modena,provincia,ita,,641.0,,2014-03-28 14:31:27,Benvenuti su [r/Modena](https://www.reddit.com/r/M
Molise,regione,ita,,27.0,,2022-01-02 08:44:26,
MostroDiFirenze,hobby,ita,,246.0,,2020-03-26 20:40:43,Discussioni sul Mostro di Firenze
Napoli,provincia,ita,,102273.0,,2011-08-17 23:00:01,# aaa  # aaa
OnePiece_it,funclub,ita,,3634.0,,2018-05-17 12:47:30,
Padova,provincia,ita,,1012.0,,2013-01-11 12:16:29,
Palermo,provincia,ita,,1159.0,,2011-11-28 11:45:43,[](#PalermoSidebarImage) A subreddit dedicated to 
Perugia,provincia,ita,,146.0,,2010-05-14 17:23:54,
Piemonte,regione,ita,,373.0,,2016-08-31 21:03:21,Se vuoi partecipare alla gestione del subreddit ma
Poesie_italia,hobby,ita,,312.0,,2020-04-16 21:46:47,Hello there! This is an Italian community where to
polinetwork,generale,ita,,2723.0,,2018-09-25 07:01:58,Subreddit del Politecnico di Milano! ( polimi ) Il
politicaITA,generale,ita,,10046.0,,2014-01-26 10:51:05,**Due spettri si aggirano per il pianeta: gli spet
Psicologia_Italia,generale,,,560.0,,2020-05-01 19:52:24,Il Primo Subreddit in Italiano dedicato alla Psico
Reddit_Italia,generale,,,182.0,,2022-03-25 08:33:48,
rimesegate,generale,ita,,51439.0,,2019-05-03 08:17:47,subreddit ufficiale della community di rimesegate!
Roma,provincia,ita,,32611.0,,2011-10-24 13:00:28,Italiani! Romani! Troviamoci su questo gruppo per 
Rome,provincia,eng,,84540.0,,2010-04-22 08:10:43,"Welcome to the subreddit for Rome, Italy! Feel fre"
Sardegna,regione,ita,,1560.0,,2014-02-18 09:54:50,
ScienzaItalia,generale,,,,private,,
SecurityIT,generale,ita,,264.0,,2020-07-14 13:40:58,Parliamo di IT security in ITaliano.
Sicilia,regione,ita,,2129.0,,2012-04-03 15:06:24,This is a subreddit to everything related to Sicil
storia,generale,,,1676.0,,2015-06-12 17:16:43,Discussioni e approfondimenti sulla Storia   [Altr
TeenagersITA,generale,ita,,13992.0,,2020-10-08 11:53:12,Per maggiori informazioni sulla comunit√† consultar
TF2Italia,generale,ita,,76.0,,2018-01-12 13:12:15,Subreddit a disposizione della Community italiana 
Torino,provincia,ita,,66016.0,,2011-10-24 19:18:35,"Everything you need to know about Turin: info, new"
Toscana,regione,ita,,414.0,,2010-09-06 19:20:50,Tutto sulla Toscana
Trentino_alto_Adige,regione,ita,,173.0,,2016-08-31 22:55:10,Se vuoi partecipare alla gestione del subreddit ma
Trento,provincia,ita,,154.0,,2022-04-15 20:26:19,
Trieste,provincia,ita,,5300.0,,2013-02-27 03:51:06,Trieste (/triÀêÀà…õst/; Italian pronunciation: [triÀà…õ
tuttosport,hobby,ita,,40.0,,2020-12-09 09:08:08,"ciao, se siete dei patiti di ogni sport o anche di"
Twitch_Italia,hobby,ita,,648.0,,2019-10-14 13:11:37,Questa √® il subreddit per la community italiana di
Umbria,regione,ita,,75.0,,2022-01-06 23:41:35,
Universitaly,generale,,,57144.0,,2020-07-22 14:02:32,Questo √® un subreddit dedicato agli universitari e
Veneto,regione,ita,,541.0,,2013-05-20 21:16:25,üáÆüáπ Il subreddit del Veneto e delle loro citt√†.  Po
Venezia,provincia,ita,,44033.0,,2011-10-28 13:40:20,**Tutto quanto riguarda Venezia**  **Everything re
